by_brand,by_category,is_rental,between,sort,page,expect_status,expect_message
1,3,0,"price,1,45","price,asc",1,200,
1,3,0,,"price,asc",1,200,
1,3,0,"price,0,45","price,asc",1,200,
1,3,0,"price,45,45.01","price,asc",1,200,
1,3,0,"price,1,abc","price,asc",1,200,
1,3,0,"price,1,50,52","price,asc",1,,
1,3,0,"price,-1,50","price,asc",1,,
1,3,0,"cost,1,50","price,asc",1,500,Something went wrong
1,3,0,"price,1,999999","price,asc",1,200,
1,3,0,"price,1,45","price,asc",,200,
1,3,0,"price,1,45","price,asc",0,200,
1,3,0,"price,1,45","price,asc",-1,200,
1,3,0,"price,1,45","price,asc",99,200,
1,3,0,"price,1,45","price,asc",1.00E+15,200,
1,3,0,"price,1,45","price,asc",abc,200,
1,"3,5,7",0,"price,1,45","price,asc",1,200,
1,"3,5,3",0,"price,1,45","price,asc",1,200,
1,99,0,"price,1,45","price,asc",1,200,
1," 3 , 5 ",0,"price,1,45","price,asc",1,200,
1,a,0,"price,1,45","price,asc",1,200,
1,"3,,5",0,"price,1,45","price,asc",1,200,
1,-1,0,"price,1,45","price,asc",1,200,
1,9 OR 1=1;--,0,"price,1,45","price,asc",1,200,
99,3,0,"price,1,45","price,asc",1,200,
"1,2",3,0,"price,1,45","price,asc",1,200,
"1,1",3,0,"price,1,45","price,asc",1,200,
a,3,0,"price,1,45","price,asc",1,200,
-1,3,0,"price,1,45","price,asc",1,200,
1,3,0,"price,1,45","price,asc",1,200,
1,3,1,"price,1,45","price,asc",1,200,
1,3,2,"price,1,45","price,asc",1,200,
1,3,-1,"price,1,45","price,asc",1,200,
1,3,yes,"price,1,45","price,asc",1,200,
1,3,0,"price,1,45","name,asc",1,200,
1,3,0,"price,1,45","name,desc",1,200,
1,3,0,"price,1,45","price,asc",1,200,
1,3,0,"price,1,45","price,desc",1,200,
1,3,0,"price,1,45","id,asc",1,200,
1,3,0,"price,1,45","name,up",1,200,
1,3,0,"price,1,45",name,1,200,
1,3,0,"price,1,45",asc,1,500,Something went wrong
1,3,0,"price,1,45","name,asc,extra",1,200,
